qID,request_index,status,raw_answer,normalized_answer,latency_s,model_inference_s,source_fps,clip_duration_s,num_frames,num_patches,first_relative_timestamp_s,last_relative_timestamp_s,first_absolute_timestamp,last_absolute_timestamp,peak_gpu_memory_gb,error_type,error_message,completed_at_utc
lapchole_test_2722336,1,success,Clip,Clip,6.713245,5.190343,5.000000,299.000000,20,20,0.000000,298.000000,00:02:14,00:07:12,26.965204,,,2026-08-02T07:35:57.556476+00:00
heico_test_2163412,2,success,00:18:07,00:18:07,7.319392,5.773910,5.000000,119.000000,20,20,0.000000,118.000000,00:17:42,00:19:40,26.994550,,,2026-08-02T07:36:04.876070+00:00
heico_test_2681781,3,success,yes,yes,2.700087,2.326312,5.000000,10.000000,10,10,0.000000,9.000000,03:13:27,03:13:36,19.922233,,,2026-08-02T07:36:07.576374+00:00
heico_test_2225356,4,success,0,0,6.414793,4.990236,5.000000,299.000000,20,20,0.000000,298.000000,00:43:00,00:47:58,26.991287,,,2026-08-02T07:36:13.991381+00:00
heico_test_2180258,5,success,Mesh,Mesh,6.371301,4.711198,5.000000,299.000000,20,20,0.000000,298.000000,01:51:37,01:56:35,27.023931,,,2026-08-02T07:36:20.362898+00:00
lapchole_test_5023391,6,success,Clip,Clip,2.650230,2.321427,5.000000,10.000000,10,10,0.000000,9.000000,00:23:07,00:23:16,19.914360,,,2026-08-02T07:36:23.013358+00:00
heico_test_1967327,7,success,none,none,6.588823,5.030764,5.000000,119.000000,20,20,0.000000,118.000000,00:44:54,00:46:52,27.017398,,,2026-08-02T07:36:29.602372+00:00
lapchole_test_5026282,8,success,common bile duct,common bile duct,7.280129,5.528311,5.000000,132.000000,20,20,0.000000,131.000000,00:20:20,00:22:31,26.994550,,,2026-08-02T07:36:36.882745+00:00
heico_test_2683709,9,success,haemostasis,haemostasis,2.880568,2.496443,5.000000,11.000000,11,11,0.000000,10.000000,04:15:13,04:15:23,20.455557,,,2026-08-02T07:36:39.763506+00:00
heico_test_1958703,10,success,Clip,Clip,6.393905,5.442747,5.000000,29.000000,20,20,0.000000,28.000000,00:31:27,00:31:55,27.001076,,,2026-08-02T07:36:46.157594+00:00
lapchole_test_1144579,11,success,bottom/right,bottom/right,6.223947,5.106795,5.000000,29.000000,20,20,0.000000,28.000000,00:00:48,00:01:16,27.056624,,,2026-08-02T07:36:52.382637+00:00
heico_test_2644654,12,success,00:51:08,00:51:08,6.205400,5.403846,5.000000,29.000000,20,20,0.000000,28.000000,00:51:08,00:51:36,26.965204,,,2026-08-02T07:36:58.588279+00:00
heico_test_2022501,13,success,Clip,Clip,6.283514,4.771609,5.000000,299.000000,20,20,0.000000,298.000000,00:29:40,00:34:38,26.997811,,,2026-08-02T07:37:04.872004+00:00
lapchole_test_11773,14,success,00:37:09.,00:37:09,7.084878,5.912261,5.000000,299.000000,20,20,0.000000,298.000000,00:33:45,00:38:43,27.020666,,,2026-08-02T07:37:11.957079+00:00
lapchole_test_5026100,15,success,yes,yes,6.362261,5.467809,5.000000,30.000000,20,20,0.000000,29.000000,00:15:54,00:16:23,27.027200,,,2026-08-02T07:37:18.319555+00:00
heico_test_2295029,16,success,00:40:18.,00:40:18,7.020572,5.507215,5.000000,299.000000,20,20,0.000000,298.000000,00:39:00,00:43:58,27.010867,,,2026-08-02T07:37:25.340340+00:00
lapchole_test_5026338,17,success,"1,1","1,1",6.923481,5.298746,5.000000,135.000000,20,20,0.000000,134.000000,00:42:45,00:44:59,27.030466,,,2026-08-02T07:37:32.264043+00:00
heico_test_2128962,18,success,Sponge,Sponge,6.402385,4.906486,5.000000,119.000000,20,20,0.000000,118.000000,00:12:53,00:14:51,26.997811,,,2026-08-02T07:37:38.666644+00:00
heico_test_2684276,19,success,Mesh,Mesh,6.478404,5.595325,5.000000,29.000000,20,20,0.000000,28.000000,00:18:43,00:19:11,27.001076,,,2026-08-02T07:37:45.145244+00:00
heico_test_2534652,20,success,0,0,6.639453,5.210188,5.000000,299.000000,20,20,0.000000,298.000000,01:45:36,01:50:34,26.991287,,,2026-08-02T07:37:51.784908+00:00
lapchole_test_5025907,21,success,bile,bile,6.653461,5.719078,5.000000,30.000000,20,20,0.000000,29.000000,00:23:03,00:23:32,27.033735,,,2026-08-02T07:37:58.439708+00:00
lapchole_test_5025985,22,success,common bile duct,common bile duct,6.875898,5.750785,5.000000,30.000000,20,20,0.000000,29.000000,00:11:46,00:12:15,27.033735,,,2026-08-02T07:38:05.315834+00:00
lapchole_test_153598,23,success,00:21:37,00:21:37,7.639175,6.065423,5.000000,119.000000,20,20,0.000000,118.000000,00:19:45,00:21:43,27.007604,,,2026-08-02T07:38:12.955221+00:00
lapchole_test_2785443,24,success,Clip,Clip,6.645304,5.135340,5.000000,119.000000,20,20,0.000000,118.000000,00:05:08,00:07:06,26.984763,,,2026-08-02T07:38:19.600713+00:00
lapchole_test_5026030,25,success,1,1,1.035109,0.882474,5.000000,3.000000,3,3,0.000000,2.000000,00:29:12,00:29:14,17.034611,,,2026-08-02T07:38:20.636032+00:00
lapchole_test_5026354,26,success,To secure the duct.,To secure the duct.,6.485401,5.494499,5.000000,35.000000,20,20,0.000000,34.000000,00:08:03,00:08:37,27.017398,,,2026-08-02T07:38:27.121622+00:00
heico_test_2468907,27,success,"01:46:25, 01:46:37","01:46:25, 01:46:37",7.063955,6.146485,5.000000,29.000000,20,20,0.000000,28.000000,01:46:13,01:46:41,27.010867,,,2026-08-02T07:38:34.185771+00:00
lapchole_test_2442234,28,success,top/right,top/right,5.953637,5.414505,5.000000,29.000000,20,20,0.000000,28.000000,00:49:57,00:50:25,27.069715,,,2026-08-02T07:38:40.139599+00:00
heico_test_2017560,29,success,yes,yes,7.159545,5.629083,5.000000,299.000000,20,20,0.000000,298.000000,00:17:55,00:22:53,26.988026,,,2026-08-02T07:38:47.299341+00:00
heico_test_2683657,30,success,yes,yes,7.107015,5.645865,5.000000,65.000000,20,20,0.000000,64.000000,01:45:37,01:46:41,26.988026,,,2026-08-02T07:38:54.406571+00:00
lapchole_test_5026703,31,success,3,3,6.844743,5.165664,5.000000,299.000000,20,20,0.000000,298.000000,00:12:25,00:17:23,26.965204,,,2026-08-02T07:39:01.252796+00:00
lapchole_test_1722097,32,success,00:24:19,00:24:19,7.521534,6.077070,5.000000,119.000000,20,20,0.000000,118.000000,00:23:36,00:25:34,27.007604,,,2026-08-02T07:39:08.774541+00:00
lapchole_test_2669519,33,success,00:18:02,00:18:02,7.059783,5.515735,5.000000,119.000000,20,20,0.000000,118.000000,00:17:50,00:19:48,27.004339,,,2026-08-02T07:39:15.834517+00:00
lapchole_test_5023649,34,success,Clip,Clip,2.627158,2.336667,5.000000,10.000000,10,10,0.000000,9.000000,00:24:15,00:24:24,19.908459,,,2026-08-02T07:39:18.461880+00:00
heico_test_2399276,35,success,Clip,Clip,6.064658,5.273220,5.000000,29.000000,20,20,0.000000,28.000000,01:16:13,01:16:41,27.017398,,,2026-08-02T07:39:24.526716+00:00
heico_test_2127659,36,success,yes,yes,6.579407,5.197089,5.000000,299.000000,20,20,0.000000,298.000000,01:38:20,01:43:18,26.991287,,,2026-08-02T07:39:31.106314+00:00
lapchole_test_5026893,37,success,00:20:57.,00:20:57,6.671835,5.733016,5.000000,299.000000,20,20,0.000000,298.000000,00:16:15,00:21:13,27.017398,,,2026-08-02T07:39:37.778361+00:00
heico_test_2415200,38,success,"03:13:26, 03:13:32, 03:13:38, 03:13:44, 03:13:50, 03:13:56, 03:1","03:13:26, 03:13:32, 03:13:38, 03:13:44, 03:13:50, 03:13:56, 03:1",10.216796,8.747369,5.000000,119.000000,20,20,0.000000,118.000000,03:12:18,03:14:16,27.010867,,,2026-08-02T07:39:47.995348+00:00
lapchole_test_4959136,39,success,no,no,6.966116,5.758540,5.000000,299.000000,20,20,0.000000,298.000000,00:09:14,00:14:12,27.007604,,,2026-08-02T07:39:54.961689+00:00
heico_test_2683682,40,success,yes,yes,7.050190,5.698676,5.000000,119.000000,20,20,0.000000,118.000000,00:21:44,00:23:42,26.988026,,,2026-08-02T07:40:02.012088+00:00
lapchole_test_5026021,41,success,"1, 1","1, 1",6.734256,5.399734,5.000000,159.000000,20,20,0.000000,158.000000,00:27:55,00:30:33,27.063168,,,2026-08-02T07:40:08.747935+00:00
lapchole_test_4693665,42,success,Sponge,Sponge,6.905168,5.755575,5.000000,299.000000,20,20,0.000000,298.000000,00:22:39,00:27:37,27.027200,,,2026-08-02T07:40:15.653316+00:00
heico_test_2417667,43,success,03:28:04,03:28:04,7.403832,5.999016,5.000000,119.000000,20,20,0.000000,118.000000,03:28:04,03:30:02,26.968463,,,2026-08-02T07:40:23.057355+00:00
heico_test_2162165,44,success,01:17:54,01:17:54,7.586275,5.996559,5.000000,119.000000,20,20,0.000000,118.000000,01:16:27,01:18:25,26.994550,,,2026-08-02T07:40:30.643839+00:00
heico_test_2683719,45,success,Evacuate fluids,Evacuate fluids,2.986545,2.661869,5.000000,10.000000,10,10,0.000000,9.000000,04:28:00,04:28:09,19.898639,,,2026-08-02T07:40:33.630585+00:00
lapchole_test_5024296,46,success,on-line,on-line,4.006623,3.497832,5.000000,14.000000,14,14,0.000000,13.000000,00:07:33,00:07:46,22.383572,,,2026-08-02T07:40:37.637387+00:00
lapchole_test_5026283,47,success,2,2,6.945619,5.191198,5.000000,180.000000,20,20,0.000000,179.000000,00:20:20,00:23:19,26.991287,,,2026-08-02T07:40:44.583193+00:00
lapchole_test_5026031,48,success,2,2,6.064333,5.346399,5.000000,19.000000,19,19,0.000000,18.000000,00:29:40,00:29:58,26.285337,,,2026-08-02T07:40:50.647726+00:00
heico_test_2619062,49,success,top/right,top/right,7.283745,5.797713,5.000000,299.000000,20,20,0.000000,298.000000,02:37:07,02:42:05,27.066442,,,2026-08-02T07:40:57.931676+00:00
heico_test_2276527,50,success,Clip,Clip,6.553871,5.221769,5.000000,299.000000,20,20,0.000000,298.000000,01:47:56,01:52:54,27.017398,,,2026-08-02T07:41:04.485745+00:00
heico_test_2537894,51,success,1,1,7.055610,5.592331,5.000000,119.000000,20,20,0.000000,118.000000,01:59:09,02:01:07,26.948920,,,2026-08-02T07:41:11.543129+00:00
heico_test_2623311,52,success,0,0,6.648725,5.193758,5.000000,119.000000,20,20,0.000000,118.000000,00:09:44,00:11:42,26.991287,,,2026-08-02T07:41:18.192087+00:00
heico_test_2325636,53,success,no,no,7.128321,5.647462,5.000000,299.000000,20,20,0.000000,298.000000,00:09:21,00:14:19,26.981504,,,2026-08-02T07:41:25.320607+00:00
heico_test_2683622,54,success,1,1,7.089744,5.499125,5.000000,299.000000,20,20,0.000000,298.000000,00:23:37,00:28:35,26.948920,,,2026-08-02T07:41:32.410550+00:00
lapchole_test_994749,55,success,Clip,Clip,6.751053,5.566220,5.000000,119.000000,20,20,0.000000,118.000000,00:06:03,00:08:01,26.968463,,,2026-08-02T07:41:39.161818+00:00
lapchole_test_4714016,56,success,"00:12:20, 00:12:26, 00:12:32, 00:12:38, 00:12:44, 00:12:50, 00:1","00:12:20, 00:12:26, 00:12:32, 00:12:38, 00:12:44, 00:12:50, 00:1",10.427990,9.247854,5.000000,119.000000,20,20,0.000000,118.000000,00:12:14,00:14:12,27.020666,,,2026-08-02T07:41:49.590020+00:00
lapchole_test_5026212,57,success,yes,yes,5.633643,5.061937,5.000000,30.000000,20,20,0.000000,29.000000,00:59:32,01:00:01,26.997811,,,2026-08-02T07:41:55.223881+00:00
lapchole_test_3169886,58,success,"00:19:05, 00:19:11, 00:19:17, 00:19:23, 00:19:29, 00:19:35, 00:1","00:19:05, 00:19:11, 00:19:17, 00:19:23, 00:19:29, 00:19:35, 00:1",10.703537,9.296048,5.000000,119.000000,20,20,0.000000,118.000000,00:18:34,00:20:32,27.020666,,,2026-08-02T07:42:05.927621+00:00
heico_test_2107536,59,success,Clip,Clip,6.668066,5.283944,5.000000,299.000000,20,20,0.000000,298.000000,01:38:22,01:43:20,27.017398,,,2026-08-02T07:42:12.595895+00:00
heico_test_2141554,60,success,Sponge,Sponge,6.876779,5.290285,5.000000,119.000000,20,20,0.000000,118.000000,01:16:52,01:18:50,27.017398,,,2026-08-02T07:42:19.472885+00:00
heico_test_2568277,61,success,00:00:00,00:00:00,7.221813,6.029930,5.000000,119.000000,20,20,0.000000,118.000000,00:49:50,00:51:48,27.020666,,,2026-08-02T07:42:26.696583+00:00
lapchole_test_5026241,62,success,"0,0","0,0",1.629457,1.431671,5.000000,5.000000,5,5,0.000000,4.000000,00:00:04,00:00:08,17.699979,,,2026-08-02T07:42:28.326249+00:00
heico_test_2660925,63,success,0,0,6.706975,5.176695,5.000000,119.000000,20,20,0.000000,118.000000,02:41:05,02:43:03,26.952175,,,2026-08-02T07:42:35.033404+00:00
heico_test_2123848,64,success,1,1,6.550840,5.144153,5.000000,119.000000,20,20,0.000000,118.000000,00:23:33,00:25:31,26.952175,,,2026-08-02T07:42:41.584455+00:00
lapchole_test_5026516,65,success,specimen,Specimen,6.196303,5.324898,5.000000,44.000000,20,20,0.000000,43.000000,00:08:48,00:09:31,27.115592,,,2026-08-02T07:42:47.780967+00:00
heico_test_2029792,66,success,"Specimen Bag, Silicone Loop","Specimen Bag, Silicone Loop",6.174770,5.410685,5.000000,29.000000,20,20,0.000000,28.000000,01:35:41,01:36:09,26.958688,,,2026-08-02T07:42:53.955931+00:00
lapchole_test_5026301,67,success,yes; all left in situ,yes; all left in situ,6.901536,6.031752,5.000000,30.000000,20,20,0.000000,29.000000,00:06:19,00:06:48,27.118874,,,2026-08-02T07:43:00.857675+00:00
heico_test_2510002,68,success,"Sponge, Clip.","Sponge, Clip",6.374942,5.410057,5.000000,119.000000,20,20,0.000000,118.000000,00:50:30,00:52:28,26.958688,,,2026-08-02T07:43:07.232827+00:00
heico_test_2683453,69,success,anastomotic leakage,anastomotic leakage,2.101331,1.843777,5.000000,7.000000,7,7,0.000000,6.000000,02:36:15,02:36:21,18.467952,,,2026-08-02T07:43:09.334369+00:00
lapchole_test_5027420,70,success,top/right,top/right,6.448567,5.372717,5.000000,299.000000,20,20,0.000000,298.000000,00:12:43,00:17:41,27.056624,,,2026-08-02T07:43:15.783103+00:00
heico_test_2384699,71,success,yes,yes,7.207451,5.691139,5.000000,119.000000,20,20,0.000000,118.000000,00:10:33,00:12:31,26.988026,,,2026-08-02T07:43:22.992524+00:00
heico_test_2117662,72,success,no,no,7.033546,5.655310,5.000000,299.000000,20,20,0.000000,298.000000,00:19:53,00:24:51,26.981504,,,2026-08-02T07:43:30.026272+00:00
lapchole_test_5025973,73,success,1,1,6.490551,5.588295,5.000000,30.000000,20,20,0.000000,29.000000,00:17:59,00:18:28,26.974984,,,2026-08-02T07:43:36.517023+00:00
lapchole_test_5026358,74,success,1,1,4.912934,4.382620,5.000000,16.000000,16,16,0.000000,15.000000,00:13:31,00:13:46,23.738933,,,2026-08-02T07:43:41.430180+00:00
lapchole_test_5026215,75,success,Clip,Clip,2.583626,2.343069,5.000000,10.000000,10,10,0.000000,9.000000,00:33:20,00:33:29,19.908459,,,2026-08-02T07:43:44.013997+00:00
heico_test_2683674,76,success,Clip,Clip,5.208881,4.624775,5.000000,18.000000,18,18,0.000000,17.000000,00:41:14,00:41:31,25.269665,,,2026-08-02T07:43:49.223057+00:00
heico_test_2684190,77,success,Specimen.,Specimen,7.280530,5.814769,5.000000,299.000000,20,20,0.000000,298.000000,03:26:46,03:31:44,27.001076,,,2026-08-02T07:43:56.503780+00:00
lapchole_test_5023772,78,success,yes,yes,2.694882,2.321549,5.000000,10.000000,10,10,0.000000,9.000000,01:00:26,01:00:35,19.928141,,,2026-08-02T07:43:59.198868+00:00
lapchole_test_5025924,79,success,Clip,Clip,2.648728,2.334997,5.000000,10.000000,10,10,0.000000,9.000000,00:24:19,00:24:28,19.908459,,,2026-08-02T07:44:01.847816+00:00
heico_test_2511326,80,success,Specimen Bag,Specimen Bag,6.780411,5.362024,5.000000,119.000000,20,20,0.000000,118.000000,02:20:55,02:22:53,26.984763,,,2026-08-02T07:44:08.628417+00:00
lapchole_test_618480,81,success,00:24:21,00:24:21,6.378283,5.341938,5.000000,299.000000,20,20,0.000000,298.000000,00:22:31,00:27:29,27.023931,,,2026-08-02T07:44:15.008849+00:00
lapchole_test_1130194,82,success,top/right,top/right,6.700862,5.749021,5.000000,119.000000,20,20,0.000000,118.000000,00:26:36,00:28:34,27.092643,,,2026-08-02T07:44:21.709901+00:00
heico_test_2498726,83,success,no,no,6.513095,5.224105,5.000000,299.000000,20,20,0.000000,298.000000,02:28:18,02:33:16,26.978242,,,2026-08-02T07:44:28.223185+00:00
heico_test_2516198,84,success,Sponge,Sponge,6.696153,5.284435,5.000000,119.000000,20,20,0.000000,118.000000,00:16:27,00:18:25,27.017398,,,2026-08-02T07:44:34.919563+00:00
lapchole_test_5026117,85,success,yes - securely applied for ligation/hemostasis,yes - securely applied for ligation/hemostasis,7.259077,6.304649,5.000000,30.000000,20,20,0.000000,29.000000,00:42:13,00:42:42,27.237296,,,2026-08-02T07:44:42.178833+00:00
heico_test_2208493,86,success,Clip,Clip,6.659182,5.233469,5.000000,119.000000,20,20,0.000000,118.000000,00:55:28,00:57:26,27.017398,,,2026-08-02T07:44:48.838215+00:00
heico_test_2043159,87,success,00:31:18,00:31:18,7.576978,6.094185,5.000000,299.000000,20,20,0.000000,298.000000,00:30:58,00:35:56,27.007604,,,2026-08-02T07:44:56.415386+00:00
heico_test_2213776,88,success,Clip,Clip,6.596614,5.182015,5.000000,119.000000,20,20,0.000000,118.000000,01:11:37,01:13:35,27.017398,,,2026-08-02T07:45:03.012188+00:00
heico_test_2595996,89,success,Sponge,Sponge,7.051637,5.771186,5.000000,119.000000,20,20,0.000000,118.000000,04:11:15,04:13:13,26.974984,,,2026-08-02T07:45:10.064014+00:00
lapchole_test_5026574,90,success,Clip,Clip,2.593752,2.357394,5.000000,10.000000,10,10,0.000000,9.000000,00:27:04,00:27:13,19.908459,,,2026-08-02T07:45:12.657978+00:00
lapchole_test_5023673,91,success,Clip,Clip,2.741149,2.386942,5.000000,10.000000,10,10,0.000000,9.000000,01:04:55,01:05:04,19.908459,,,2026-08-02T07:45:15.401415+00:00
lapchole_test_5026245,92,success,yes; the clip is placed and remains in the body.,yes; the clip is placed and remains in the body.,7.163490,6.333151,5.000000,30.000000,20,20,0.000000,29.000000,00:00:33,00:01:02,27.099197,,,2026-08-02T07:45:22.565104+00:00
heico_test_2128647,93,success,Clip,Clip,5.860753,4.969108,5.000000,29.000000,20,20,0.000000,28.000000,00:17:07,00:17:35,26.997811,,,2026-08-02T07:45:28.426089+00:00
lapchole_test_5025979,94,success,2,2,6.130701,4.801937,5.000000,77.000000,20,20,0.000000,76.000000,00:23:10,00:24:26,26.971720,,,2026-08-02T07:45:34.557007+00:00
heico_test_2235767,95,success,no,no,7.169297,5.712822,5.000000,299.000000,20,20,0.000000,298.000000,00:42:30,00:47:28,26.981504,,,2026-08-02T07:45:41.726507+00:00
lapchole_test_5026899,96,success,"00:32:23, 00:32:29","00:32:23, 00:32:29",8.196075,6.571711,5.000000,119.000000,20,20,0.000000,118.000000,00:31:02,00:33:00,27.020666,,,2026-08-02T07:45:49.922788+00:00
heico_test_2267147,97,success,Clip,Clip,6.392077,4.893961,5.000000,299.000000,20,20,0.000000,298.000000,00:22:11,00:27:09,26.997811,,,2026-08-02T07:45:56.315099+00:00
heico_test_2114647,98,success,0,0,6.422652,5.635943,5.000000,29.000000,20,20,0.000000,28.000000,01:42:46,01:43:14,26.948920,,,2026-08-02T07:46:02.737976+00:00
heico_test_2683467,99,success,specimen,Specimen,6.664122,5.566929,5.000000,49.000000,20,20,0.000000,48.000000,00:05:01,00:05:49,26.948920,,,2026-08-02T07:46:09.402312+00:00
lapchole_test_5026343,100,success,no,no,0.684108,0.623103,5.000000,1.000000,1,1,0.000000,0.000000,00:54:32,00:54:32,16.540227,,,2026-08-02T07:46:10.086617+00:00
heico_test_2179398,101,success,Clip,Clip,6.401371,4.939144,5.000000,299.000000,20,20,0.000000,298.000000,00:12:53,00:17:51,27.023931,,,2026-08-02T07:46:16.490280+00:00
lapchole_test_5026120,102,success,1,1,7.313583,5.682179,5.000000,223.000000,20,20,0.000000,222.000000,00:42:22,00:46:04,27.014134,,,2026-08-02T07:46:23.804075+00:00
heico_test_2134917,103,success,Clip,Clip,6.704448,5.139849,5.000000,119.000000,20,20,0.000000,118.000000,00:24:13,00:26:11,27.017398,,,2026-08-02T07:46:30.508714+00:00
heico_test_2135182,104,success,Clip,Clip,6.809762,5.258374,5.000000,119.000000,20,20,0.000000,118.000000,00:16:06,00:18:04,27.017398,,,2026-08-02T07:46:37.318685+00:00
heico_test_2683507,105,success,Clip,Clip,6.010924,5.221116,5.000000,29.000000,20,20,0.000000,28.000000,00:24:54,00:25:22,27.017398,,,2026-08-02T07:46:43.329837+00:00
lapchole_test_3430884,106,success,top/right,top/right,7.181196,5.727904,5.000000,299.000000,20,20,0.000000,298.000000,00:30:24,00:35:22,27.072989,,,2026-08-02T07:46:50.511262+00:00
lapchole_test_5026034,107,success,"1, 1","1, 1",1.178726,1.039092,5.000000,3.000000,3,3,0.000000,2.000000,00:33:57,00:33:59,17.069827,,,2026-08-02T07:46:51.690201+00:00
heico_test_2391658,108,success,yes,yes,7.131541,5.619100,5.000000,299.000000,20,20,0.000000,298.000000,00:37:55,00:42:53,26.981504,,,2026-08-02T07:46:58.821909+00:00
heico_test_2485112,109,success,1,1,6.817424,5.138788,5.000000,119.000000,20,20,0.000000,118.000000,01:53:53,01:55:51,26.952175,,,2026-08-02T07:47:05.639551+00:00
lapchole_test_1806833,110,success,no,no,6.963174,5.620777,5.000000,119.000000,20,20,0.000000,118.000000,00:25:37,00:27:35,26.974984,,,2026-08-02T07:47:12.602930+00:00
heico_test_2683468,111,success,bleeding,bleeding,2.792135,2.436070,5.000000,10.000000,10,10,0.000000,9.000000,00:05:10,00:05:19,19.912392,,,2026-08-02T07:47:15.397582+00:00
lapchole_test_5025832,112,success,2,2,7.223559,5.573764,5.000000,157.000000,20,20,0.000000,156.000000,00:12:35,00:15:11,26.981504,,,2026-08-02T07:47:22.621340+00:00
heico_test_2631152,113,success,00:06:58,00:06:58,6.881324,6.089232,5.000000,29.000000,20,20,0.000000,28.000000,00:06:38,00:07:06,26.994550,,,2026-08-02T07:47:29.502918+00:00
heico_test_2135256,114,success,Clip,Clip,6.810524,5.245641,5.000000,119.000000,20,20,0.000000,118.000000,00:21:43,00:23:41,27.017398,,,2026-08-02T07:47:36.313637+00:00
lapchole_test_5025906,115,success,mechanical effect: gallbladder neck is cut; clinical consequence: bleeding,mechanical effect: gallbladder neck is cut; clinical consequence: bleeding,7.052894,6.108250,5.000000,30.000000,20,20,0.000000,29.000000,00:19:00,00:19:29,27.135283,,,2026-08-02T07:47:43.366738+00:00
heico_test_2683445,116,success,no,no,6.733823,5.772327,5.000000,30.000000,20,20,0.000000,29.000000,00:32:35,00:33:04,26.988026,,,2026-08-02T07:47:50.100799+00:00
heico_test_2399687,117,success,Clip,Clip,6.524333,5.184428,5.000000,119.000000,20,20,0.000000,118.000000,01:16:58,01:18:56,27.017398,,,2026-08-02T07:47:56.625320+00:00
heico_test_2051033,118,success,0,0,6.716170,5.183288,5.000000,119.000000,20,20,0.000000,118.000000,00:32:33,00:34:31,26.991287,,,2026-08-02T07:48:03.341697+00:00
lapchole_test_3237122,119,success,yes,yes,6.636971,5.155763,5.000000,299.000000,20,20,0.000000,298.000000,00:05:09,00:10:07,27.010867,,,2026-08-02T07:48:09.978882+00:00
heico_test_2155964,120,success,0,0,6.097907,5.211953,5.000000,29.000000,20,20,0.000000,28.000000,00:20:15,00:20:43,26.991287,,,2026-08-02T07:48:16.077013+00:00
heico_test_2423662,121,success,1,1,6.931588,5.546262,5.000000,119.000000,20,20,0.000000,118.000000,03:28:59,03:30:57,26.955432,,,2026-08-02T07:48:23.011356+00:00
lapchole_test_5025830,122,success,no visible consequence,no visible consequence,7.542752,5.770167,5.000000,273.000000,20,20,0.000000,272.000000,00:11:15,00:15:47,27.092643,,,2026-08-02T07:48:30.554336+00:00
heico_test_2101310,123,success,yes,yes,6.659760,5.205058,5.000000,299.000000,20,20,0.000000,298.000000,00:06:14,00:11:12,26.978242,,,2026-08-02T07:48:37.214305+00:00
heico_test_2590349,124,success,yes,yes,6.567827,5.199100,5.000000,299.000000,20,20,0.000000,298.000000,00:19:17,00:24:15,26.978242,,,2026-08-02T07:48:43.782341+00:00
lapchole_test_5026020,125,success,1,1,6.618072,5.143765,5.000000,155.000000,20,20,0.000000,154.000000,00:27:55,00:30:29,26.978242,,,2026-08-02T07:48:50.400624+00:00
lapchole_test_4666002,126,success,00:26:46,00:26:46,6.893522,6.090117,5.000000,29.000000,20,20,0.000000,28.000000,00:26:28,00:26:56,27.007604,,,2026-08-02T07:48:57.294356+00:00
lapchole_test_5026300,127,success,[Bile leak] from the [common bile duct].,[Bile leak] from the [common bile duct].,6.739904,5.868228,5.000000,30.000000,20,20,0.000000,29.000000,00:06:13,00:06:42,27.095919,,,2026-08-02T07:49:04.034458+00:00
heico_test_2399737,128,success,Clip,Clip,6.712594,5.229731,5.000000,119.000000,20,20,0.000000,118.000000,03:12:11,03:14:09,27.017398,,,2026-08-02T07:49:10.747255+00:00
heico_test_2216870,129,success,"Clip, Specimen.","Clip, Specimen",7.197633,5.826930,5.000000,119.000000,20,20,0.000000,118.000000,00:55:27,00:57:25,27.007604,,,2026-08-02T07:49:17.945110+00:00
heico_test_2225274,130,success,0,0,6.597853,5.207699,5.000000,299.000000,20,20,0.000000,298.000000,01:16:09,01:21:07,26.991287,,,2026-08-02T07:49:24.543166+00:00
lapchole_test_5026705,131,success,"Clip, Sponge.","Clip, Sponge",6.916713,5.400191,5.000000,119.000000,20,20,0.000000,118.000000,00:24:42,00:26:40,27.004339,,,2026-08-02T07:49:31.462578+00:00
lapchole_test_5026040,132,success,0,0,0.629505,0.576080,5.000000,1.000000,1,1,0.000000,0.000000,00:59:31,00:59:31,16.531368,,,2026-08-02T07:49:32.092301+00:00
lapchole_test_5027190,133,success,00:31:07,00:31:07,7.047271,5.569974,5.000000,119.000000,20,20,0.000000,118.000000,00:30:48,00:32:46,27.004339,,,2026-08-02T07:49:39.139730+00:00
heico_test_2276592,134,success,Clip,Clip,6.706442,5.198756,5.000000,119.000000,20,20,0.000000,118.000000,00:10:28,00:12:26,27.017398,,,2026-08-02T07:49:45.846377+00:00
lapchole_test_5026295,135,success,Clip,Clip,2.643418,2.263535,5.000000,10.000000,10,10,0.000000,9.000000,00:27:55,00:28:04,19.908459,,,2026-08-02T07:49:48.489993+00:00
heico_test_2684199,136,success,top/right,top/right,6.703295,5.754206,5.000000,29.000000,20,20,0.000000,28.000000,01:36:33,01:37:01,27.053354,,,2026-08-02T07:49:55.193473+00:00
heico_test_2681796,137,success,yes,yes,2.850873,2.503735,5.000000,10.000000,10,10,0.000000,9.000000,00:24:51,00:25:00,19.922233,,,2026-08-02T07:49:58.044548+00:00
lapchole_test_5026302,138,success,"1, 1","1, 1",1.480309,1.309070,5.000000,4.000000,4,4,0.000000,3.000000,00:06:26,00:06:29,17.377071,,,2026-08-02T07:49:59.526270+00:00
lapchole_test_3489516,139,success,Clip,Clip,6.481756,5.228083,5.000000,299.000000,20,20,0.000000,298.000000,00:09:21,00:14:19,27.004339,,,2026-08-02T07:50:06.008204+00:00
lapchole_test_5025909,140,success,Clip,Clip,2.694642,2.348772,5.000000,10.000000,10,10,0.000000,9.000000,00:41:33,00:41:42,19.908459,,,2026-08-02T07:50:08.703039+00:00
heico_test_2683617,141,success,"Clip, Sponge.","Clip, Sponge",7.272605,5.831468,5.000000,119.000000,20,20,0.000000,118.000000,01:27:24,01:29:22,27.001076,,,2026-08-02T07:50:15.978594+00:00
lapchole_test_3760019,142,success,"00:08:37, 00:08:43, 00:08:49, 00:08:55, 00:09:01, 00:09:07, 00:0","00:08:37, 00:08:43, 00:08:49, 00:08:55, 00:09:01, 00:09:07, 00:0",10.351454,9.124647,5.000000,119.000000,20,20,0.000000,118.000000,00:08:31,00:10:29,27.020666,,,2026-08-02T07:50:26.330267+00:00
heico_test_2112733,143,success,Clip,Clip,7.115491,5.744398,5.000000,299.000000,20,20,0.000000,298.000000,01:38:12,01:43:10,27.001076,,,2026-08-02T07:50:33.445954+00:00
lapchole_test_5023218,144,success,Clip,Clip,2.734074,2.359908,5.000000,10.000000,10,10,0.000000,9.000000,00:45:59,00:46:08,19.908459,,,2026-08-02T07:50:36.180232+00:00
heico_test_2491030,145,success,0,0,7.246809,5.605302,5.000000,119.000000,20,20,0.000000,118.000000,02:32:44,02:34:42,26.961947,,,2026-08-02T07:50:43.428945+00:00
heico_test_2329284,146,success,01:40:04,01:40:04,7.554936,6.049613,5.000000,119.000000,20,20,0.000000,118.000000,01:39:52,01:41:50,26.988026,,,2026-08-02T07:50:50.984081+00:00
heico_test_2107638,147,success,Clip,Clip,6.585816,5.228273,5.000000,119.000000,20,20,0.000000,118.000000,00:36:14,00:38:12,27.017398,,,2026-08-02T07:50:57.570102+00:00
lapchole_test_5022626,148,success,Clip,Clip,2.675316,2.357354,5.000000,10.000000,10,10,0.000000,9.000000,00:24:48,00:24:57,19.908459,,,2026-08-02T07:51:00.245624+00:00
lapchole_test_1829587,149,success,"Sponge, Specimen, Specimen Bag","Sponge, Specimen, Specimen Bag",7.399566,5.987788,5.000000,119.000000,20,20,0.000000,118.000000,00:46:26,00:48:24,26.968463,,,2026-08-02T07:51:07.645399+00:00
lapchole_test_3413304,150,success,00:35:02,00:35:02,7.121179,5.611840,5.000000,119.000000,20,20,0.000000,118.000000,00:34:56,00:36:54,27.004339,,,2026-08-02T07:51:14.766795+00:00
lapchole_test_5026243,151,success,0,0,6.505278,5.674356,5.000000,30.000000,20,20,0.000000,29.000000,00:00:09,00:00:38,26.981504,,,2026-08-02T07:51:21.275101+00:00
lapchole_test_5026118,152,success,"proximal: 1, distal: 1","proximal: 1, distal: 1",7.408554,5.804644,5.000000,223.000000,20,20,0.000000,222.000000,00:42:22,00:46:04,27.030466,,,2026-08-02T07:51:28.683869+00:00
heico_test_2020946,153,success,00:31:26,00:31:26,7.210875,5.569069,5.000000,119.000000,20,20,0.000000,118.000000,00:31:26,00:33:24,26.978242,,,2026-08-02T07:51:35.894945+00:00
lapchole_test_5026393,154,success,clip gallbladder neck,clip gallbladder neck,6.525227,5.943457,5.000000,24.000000,20,20,0.000000,23.000000,00:13:15,00:13:38,27.020666,,,2026-08-02T07:51:42.420406+00:00
heico_test_2257684,155,success,1,1,6.915195,5.592043,5.000000,119.000000,20,20,0.000000,118.000000,00:43:50,00:45:48,26.961947,,,2026-08-02T07:51:49.335813+00:00
heico_test_1990011,156,success,no,no,7.178567,5.579627,5.000000,119.000000,20,20,0.000000,118.000000,00:30:08,00:32:06,26.981504,,,2026-08-02T07:51:56.514585+00:00
lapchole_test_5023793,157,success,yes,yes,2.755718,2.393580,5.000000,10.000000,10,10,0.000000,9.000000,00:43:29,00:43:38,19.928141,,,2026-08-02T07:51:59.270535+00:00
heico_test_2050860,158,success,0,0,6.687810,5.194053,5.000000,119.000000,20,20,0.000000,118.000000,00:06:08,00:08:06,26.991287,,,2026-08-02T07:52:05.958524+00:00
heico_test_2209830,159,success,"Sponge, Specimen Bag.","Sponge, Specimen Bag",6.851456,5.489711,5.000000,119.000000,20,20,0.000000,118.000000,00:43:56,00:45:54,26.958688,,,2026-08-02T07:52:12.810191+00:00
heico_test_2637887,160,success,no,no,6.977655,5.566976,5.000000,299.000000,20,20,0.000000,298.000000,00:06:31,00:11:29,26.981504,,,2026-08-02T07:52:19.788059+00:00
lapchole_test_5026514,161,success,Clear,Clear,2.671132,2.331390,5.000000,10.000000,10,10,0.000000,9.000000,00:26:41,00:26:50,19.896675,,,2026-08-02T07:52:22.462336+00:00
heico_test_2249964,162,success,00:00:00,00:00:00,7.426458,6.063724,5.000000,119.000000,20,20,0.000000,118.000000,00:57:41,00:59:39,27.020666,,,2026-08-02T07:52:29.890724+00:00
heico_test_2119731,163,success,00:37:00,00:37:00,6.411295,5.606847,5.000000,29.000000,20,20,0.000000,28.000000,00:37:00,00:37:28,26.965204,,,2026-08-02T07:52:36.302227+00:00
lapchole_test_1347909,164,success,00:59:04,00:59:04,7.489694,6.110935,5.000000,119.000000,20,20,0.000000,118.000000,00:57:56,00:59:54,27.020666,,,2026-08-02T07:52:43.792140+00:00
lapchole_test_3498119,165,success,00:06:33,00:06:33,7.122865,5.629210,5.000000,119.000000,20,20,0.000000,118.000000,00:06:27,00:08:25,27.004339,,,2026-08-02T07:52:50.915221+00:00
heico_test_2022453,166,success,Mesh,Mesh,6.402594,4.884397,5.000000,119.000000,20,20,0.000000,118.000000,00:23:10,00:25:08,26.997811,,,2026-08-02T07:52:57.318018+00:00
heico_test_2122627,167,success,00:00:00,00:00:00,6.941021,6.175067,5.000000,29.000000,20,20,0.000000,28.000000,01:42:50,01:43:18,27.001076,,,2026-08-02T07:53:04.259225+00:00
lapchole_test_5025933,168,success,Clip,Clip,2.685577,2.326662,5.000000,10.000000,10,10,0.000000,9.000000,00:42:50,00:42:59,19.908459,,,2026-08-02T07:53:06.945010+00:00
lapchole_test_5026119,169,success,"1,1","1,1",6.967406,5.330969,5.000000,223.000000,20,20,0.000000,222.000000,00:42:22,00:46:04,27.115592,,,2026-08-02T07:53:13.912593+00:00
lapchole_test_5023765,170,success,yes,yes,5.678911,4.970141,5.000000,30.000000,20,20,0.000000,29.000000,00:54:54,00:55:23,26.997811,,,2026-08-02T07:53:19.591711+00:00
heico_test_2498352,171,success,no,no,6.426296,5.165760,5.000000,299.000000,20,20,0.000000,298.000000,02:27:54,02:32:52,26.978242,,,2026-08-02T07:53:26.021233+00:00
lapchole_test_5027355,172,success,bottom/right,bottom/right,6.652498,5.338307,5.000000,119.000000,20,20,0.000000,118.000000,01:06:44,01:08:42,27.069715,,,2026-08-02T07:53:32.673946+00:00
lapchole_test_5026571,173,success,Clipped; Absorbable Hemostatic Agent.,Clipped; Absorbable Hemostatic Agent.,6.419517,5.417176,5.000000,50.000000,20,20,0.000000,49.000000,00:17:20,00:18:09,27.076262,,,2026-08-02T07:53:39.093682+00:00
lapchole_test_5026306,174,success,Clip,Clip,2.677458,2.341208,5.000000,10.000000,10,10,0.000000,9.000000,00:09:10,00:09:19,19.908459,,,2026-08-02T07:53:41.771330+00:00
heico_test_2113374,175,success,0%,0%,5.741566,4.936924,5.000000,29.000000,20,20,0.000000,28.000000,00:24:17,00:24:45,26.971720,,,2026-08-02T07:53:47.513073+00:00
heico_test_2232348,176,success,00:45:22,00:45:22,7.455269,6.047322,5.000000,119.000000,20,20,0.000000,118.000000,00:44:57,00:46:55,26.994550,,,2026-08-02T07:53:54.968544+00:00
heico_test_2681792,177,success,yes,yes,2.845076,2.475675,5.000000,10.000000,10,10,0.000000,9.000000,02:07:59,02:08:08,19.922233,,,2026-08-02T07:53:57.813827+00:00
lapchole_test_5023237,178,success,Clip,Clip,2.634226,2.251542,5.000000,10.000000,10,10,0.000000,9.000000,00:23:36,00:23:45,19.908459,,,2026-08-02T07:54:00.449905+00:00
heico_test_2683694,179,success,Clip,Clip,6.278881,5.004210,5.000000,299.000000,20,20,0.000000,298.000000,00:47:16,00:52:14,26.997811,,,2026-08-02T07:54:06.728963+00:00
heico_test_2603205,180,success,"Clip, Specimen.","Clip, Specimen",6.753669,5.349482,5.000000,119.000000,20,20,0.000000,118.000000,04:15:36,04:17:34,26.958688,,,2026-08-02T07:54:13.482853+00:00
lapchole_test_5026022,181,success,"1, 1","1, 1",6.700927,5.133132,5.000000,278.000000,20,20,0.000000,277.000000,00:30:34,00:35:11,27.076262,,,2026-08-02T07:54:20.187066+00:00
lapchole_test_1014753,182,success,"00:08:44, 00:08:45, 00:08:46, 00:08:47, 00:08:48, 00:08:49, 00:0","00:08:44, 00:08:45, 00:08:46, 00:08:47, 00:08:48, 00:08:49, 00:0",9.887080,9.194165,5.000000,29.000000,20,20,0.000000,28.000000,00:08:38,00:09:06,27.020666,,,2026-08-02T07:54:30.074335+00:00
lapchole_test_5026342,183,success,Clip,Clip,2.681292,2.377402,5.000000,10.000000,10,10,0.000000,9.000000,00:53:40,00:53:49,19.908459,,,2026-08-02T07:54:32.755819+00:00
lapchole_test_5026237,184,success,Clip,Clip,2.803563,2.415441,5.000000,10.000000,10,10,0.000000,9.000000,00:21:44,00:21:53,19.908459,,,2026-08-02T07:54:35.559567+00:00
heico_test_2064616,185,success,00:30:13,00:30:13,7.628368,6.113115,5.000000,119.000000,20,20,0.000000,118.000000,00:30:13,00:32:11,26.988026,,,2026-08-02T07:54:43.188132+00:00
heico_test_2427457,186,success,0,0,7.031592,5.612608,5.000000,119.000000,20,20,0.000000,118.000000,03:28:05,03:30:03,26.961947,,,2026-08-02T07:54:50.219953+00:00
heico_test_2104306,187,success,Clip,Clip,6.229481,4.893172,5.000000,299.000000,20,20,0.000000,298.000000,01:38:18,01:43:16,26.997811,,,2026-08-02T07:54:56.449638+00:00
lapchole_test_1805704,188,success,00:13:20,00:13:20,6.486803,5.588327,5.000000,29.000000,20,20,0.000000,28.000000,00:13:14,00:13:42,27.004339,,,2026-08-02T07:55:02.936652+00:00
lapchole_test_120119,189,success,Specimen bag,Specimen Bag,6.707880,5.854042,5.000000,29.000000,20,20,0.000000,28.000000,00:20:59,00:21:27,27.007604,,,2026-08-02T07:55:09.644739+00:00
lapchole_test_5026028,190,success,"1,1","1,1",0.967927,0.851086,5.000000,2.000000,2,2,0.000000,1.000000,00:29:12,00:29:13,16.786457,,,2026-08-02T07:55:10.612860+00:00
heico_test_2459321,191,success,1,1,7.088347,5.556704,5.000000,119.000000,20,20,0.000000,118.000000,01:47:12,01:49:10,26.948920,,,2026-08-02T07:55:17.704794+00:00
lapchole_test_5026517,192,success,"1. not fulfilled - CVS step 1: hepatocystic triangle cleared - The hepatocystic triangle is not clearly visible, indicating it has not been cleared.
2. not fulfilled - CVS step 2: lower third of gallbladder separated from liver to expose cystic plate - The lower third of","1. not fulfilled - CVS step 1: hepatocystic triangle cleared - The hepatocystic triangle is not clearly visible, indicating it has not been cleared.
2. not fulfilled - CVS step 2: lower third of gallbladder separated from liver to expose cystic plate - The lower third of",10.706089,9.424700,5.000000,275.000000,20,20,0.000000,274.000000,00:09:44,00:14:18,27.396161,,,2026-08-02T07:55:28.411091+00:00
heico_test_2684099,193,success,top/right,top/right,7.283603,5.753181,5.000000,299.000000,20,20,0.000000,298.000000,00:20:48,00:25:46,27.092643,,,2026-08-02T07:55:35.694889+00:00
lapchole_test_1842688,194,success,00:37:32.,00:37:32,7.386347,5.678306,5.000000,299.000000,20,20,0.000000,298.000000,00:34:39,00:39:37,27.017398,,,2026-08-02T07:55:43.081446+00:00
lapchole_test_5026103,195,success,yes - on perfused vessel,yes - on perfused vessel,6.707774,5.919074,5.000000,30.000000,20,20,0.000000,29.000000,00:23:57,00:24:26,27.105754,,,2026-08-02T07:55:49.789433+00:00
lapchole_test_2809963,196,success,00:06:28,00:06:28,7.168746,5.590386,5.000000,119.000000,20,20,0.000000,118.000000,00:05:13,00:07:11,27.004339,,,2026-08-02T07:55:56.958390+00:00
lapchole_test_590390,197,success,00:19:22,00:19:22,7.772700,6.096728,5.000000,119.000000,20,20,0.000000,118.000000,00:18:57,00:20:55,26.974984,,,2026-08-02T07:56:04.731298+00:00
heico_test_2283348,198,success,Clip,Clip,6.796183,5.192798,5.000000,119.000000,20,20,0.000000,118.000000,00:28:29,00:30:27,27.017398,,,2026-08-02T07:56:11.527690+00:00
lapchole_test_5027670,199,success,00:28:05,00:28:05,6.850917,5.632762,5.000000,299.000000,20,20,0.000000,298.000000,00:27:02,00:32:00,27.017398,,,2026-08-02T07:56:18.378835+00:00
heico_test_2682197,200,success,Retrieving specimen.,Retrieving specimen.,6.277001,5.444782,5.000000,32.000000,20,20,0.000000,31.000000,00:29:06,00:29:37,27.004339,,,2026-08-02T07:56:24.656036+00:00
heico_test_2509184,201,success,Clip,Clip,6.791592,5.267996,5.000000,119.000000,20,20,0.000000,118.000000,00:49:11,00:51:09,27.017398,,,2026-08-02T07:56:31.451297+00:00
lapchole_test_2522713,202,success,00:33:51,00:33:51,6.689858,5.572370,5.000000,119.000000,20,20,0.000000,118.000000,00:33:26,00:35:24,27.010867,,,2026-08-02T07:56:38.141364+00:00
heico_test_2678508,203,success,yes,yes,6.596670,5.186363,5.000000,119.000000,20,20,0.000000,118.000000,00:50:11,00:52:09,26.978242,,,2026-08-02T07:56:44.738249+00:00
lapchole_test_5025984,204,success,yes; clips are placed and remain in the body.,yes; clips are placed and remain in the body.,6.893630,5.804116,5.000000,30.000000,20,20,0.000000,29.000000,00:11:45,00:12:14,27.056624,,,2026-08-02T07:56:51.632108+00:00
heico_test_2495458,205,success,top/right,top/right,6.179988,5.276578,5.000000,29.000000,20,20,0.000000,28.000000,01:41:12,01:41:40,27.063168,,,2026-08-02T07:56:57.812315+00:00
heico_test_2208631,206,success,none,none,6.067979,5.262930,5.000000,29.000000,20,20,0.000000,28.000000,01:19:43,01:20:11,27.017398,,,2026-08-02T07:57:03.880487+00:00
heico_test_1986252,207,success,00:31:22,00:31:22,7.728182,6.060056,5.000000,119.000000,20,20,0.000000,118.000000,00:31:03,00:33:01,26.994550,,,2026-08-02T07:57:11.608895+00:00
heico_test_2028497,208,success,Clip,Clip,6.066385,5.210311,5.000000,29.000000,20,20,0.000000,28.000000,00:32:28,00:32:56,27.017398,,,2026-08-02T07:57:17.675478+00:00
heico_test_2682259,209,success,pull tissue,pull tissue,6.668826,5.212021,5.000000,95.000000,20,20,0.000000,94.000000,01:15:35,01:17:09,26.978242,,,2026-08-02T07:57:24.344505+00:00
heico_test_2426098,210,success,Clip,Clip,6.579056,5.178638,5.000000,119.000000,20,20,0.000000,118.000000,03:28:03,03:30:01,26.965204,,,2026-08-02T07:57:30.923772+00:00
lapchole_test_5025971,211,success,2,2,6.590245,5.718469,5.000000,30.000000,20,20,0.000000,29.000000,00:17:23,00:17:52,26.974984,,,2026-08-02T07:57:37.517774+00:00
lapchole_test_5023232,212,success,Clip,Clip,2.757298,2.392793,5.000000,10.000000,10,10,0.000000,9.000000,00:25:32,00:25:41,19.908459,,,2026-08-02T07:57:40.275290+00:00
lapchole_test_607646,213,success,bottom/left,bottom/left,7.118179,5.695463,5.000000,119.000000,20,20,0.000000,118.000000,00:11:29,00:13:27,27.027200,,,2026-08-02T07:57:47.393648+00:00
heico_test_2602330,214,success,Clip,Clip,6.173779,5.299563,5.000000,29.000000,20,20,0.000000,28.000000,02:45:50,02:46:18,27.017398,,,2026-08-02T07:57:53.567642+00:00
heico_test_2604255,215,success,Clip,Clip,6.622662,5.218157,5.000000,119.000000,20,20,0.000000,118.000000,04:26:10,04:28:08,26.984763,,,2026-08-02T07:58:00.190499+00:00
heico_test_2144794,216,success,"Sponge, Mesh, Specimen.","Sponge, Mesh, Specimen",7.559852,6.046435,5.000000,119.000000,20,20,0.000000,118.000000,00:24:23,00:26:21,27.007604,,,2026-08-02T07:58:07.750545+00:00
heico_test_2125759,217,success,0,0,5.894420,5.114597,5.000000,29.000000,20,20,0.000000,28.000000,01:42:43,01:43:11,26.952175,,,2026-08-02T07:58:13.645177+00:00
heico_test_2472689,218,success,01:35:20,01:35:20,7.224104,5.533574,5.000000,119.000000,20,20,0.000000,118.000000,01:34:37,01:36:35,26.965204,,,2026-08-02T07:58:20.869506+00:00
lapchole_test_5025975,219,success,"1,1","1,1",3.032156,2.648884,5.000000,10.000000,10,10,0.000000,9.000000,00:18:10,00:18:19,19.965664,,,2026-08-02T07:58:23.901887+00:00
heico_test_2439006,220,success,Clip,Clip,6.871072,5.195150,5.000000,299.000000,20,20,0.000000,298.000000,01:52:00,01:56:58,27.017398,,,2026-08-02T07:58:30.773137+00:00
lapchole_test_5026246,221,success,Clip,Clip,2.739692,2.381450,5.000000,10.000000,10,10,0.000000,9.000000,00:17:40,00:17:49,19.908459,,,2026-08-02T07:58:33.516699+00:00
lapchole_test_5023026,222,success,Clip,Clip,2.715510,2.318150,5.000000,10.000000,10,10,0.000000,9.000000,00:27:49,00:27:58,19.908459,,,2026-08-02T07:58:36.234192+00:00
lapchole_test_5023362,223,success,Clip,Clip,2.694680,2.391180,5.000000,10.000000,10,10,0.000000,9.000000,00:19:45,00:19:54,19.908459,,,2026-08-02T07:58:38.929048+00:00
heico_test_2330241,224,success,00:41:25,00:41:25,6.199474,5.326745,5.000000,29.000000,20,20,0.000000,28.000000,00:41:01,00:41:29,26.997811,,,2026-08-02T07:58:45.128712+00:00
heico_test_2519424,225,success,0,0,6.996910,5.546786,5.000000,119.000000,20,20,0.000000,118.000000,00:39:40,00:41:38,26.955432,,,2026-08-02T07:58:52.125828+00:00
lapchole_test_5026214,226,success,increases likelihood of external drain,increases likelihood of external drain,7.103464,6.067686,5.000000,71.000000,20,20,0.000000,70.000000,00:33:07,00:34:17,27.138567,,,2026-08-02T07:58:59.229506+00:00
lapchole_test_5023341,227,success,Clip,Clip,2.712127,2.298226,5.000000,10.000000,10,10,0.000000,9.000000,00:16:37,00:16:46,19.908459,,,2026-08-02T07:59:01.941846+00:00
heico_test_2357084,228,success,1,1,7.103970,5.591646,5.000000,299.000000,20,20,0.000000,298.000000,00:27:25,00:32:23,26.988026,,,2026-08-02T07:59:09.046005+00:00
heico_test_2238694,229,success,00:03:04,00:03:04,6.898405,5.560852,5.000000,119.000000,20,20,0.000000,118.000000,00:02:58,00:04:56,26.965204,,,2026-08-02T07:59:15.944603+00:00
lapchole_test_1306940,230,success,00:28:08,00:28:08,7.077639,5.608462,5.000000,119.000000,20,20,0.000000,118.000000,00:27:12,00:29:10,27.004339,,,2026-08-02T07:59:23.022451+00:00
lapchole_test_3147434,231,success,top/right,top/right,7.232333,5.717054,5.000000,119.000000,20,20,0.000000,118.000000,00:27:22,00:29:20,27.027200,,,2026-08-02T07:59:30.258702+00:00
lapchole_test_5023495,232,success,silver,silver,2.931400,2.518027,5.000000,10.000000,10,10,0.000000,9.000000,00:19:18,00:19:27,19.894714,,,2026-08-02T07:59:33.190302+00:00
heico_test_2443247,233,success,bottom/right,bottom/right,6.726182,5.730943,5.000000,29.000000,20,20,0.000000,28.000000,01:40:24,01:40:52,27.046813,,,2026-08-02T07:59:39.916674+00:00
heico_test_1969680,234,success,0,0,6.524717,5.656230,5.000000,29.000000,20,20,0.000000,28.000000,00:45:51,00:46:19,26.955432,,,2026-08-02T07:59:46.441605+00:00
lapchole_test_5025841,235,success,Clip,Clip,2.697855,2.335439,5.000000,10.000000,10,10,0.000000,9.000000,00:25:30,00:25:39,19.908459,,,2026-08-02T07:59:49.139676+00:00
lapchole_test_2511656,236,success,no,no,6.402579,5.150741,5.000000,119.000000,20,20,0.000000,118.000000,00:15:30,00:17:28,26.984763,,,2026-08-02T07:59:55.542463+00:00
lapchole_test_1714979,237,success,3,3,6.748715,5.183466,5.000000,299.000000,20,20,0.000000,298.000000,00:13:14,00:18:12,26.965204,,,2026-08-02T08:00:02.291388+00:00
lapchole_test_5026035,238,success,1,1,0.649753,0.580270,5.000000,1.000000,1,1,0.000000,0.000000,00:34:00,00:34:00,16.532975,,,2026-08-02T08:00:02.941352+00:00
lapchole_test_5026518,239,success,gallbladder,gallbladder,6.866422,5.834380,5.000000,56.000000,20,20,0.000000,55.000000,00:11:49,00:12:44,27.066442,,,2026-08-02T08:00:09.807939+00:00
heico_test_2201233,240,success,yes,yes,6.784731,5.196488,5.000000,299.000000,20,20,0.000000,298.000000,01:29:17,01:34:15,26.978242,,,2026-08-02T08:00:16.592905+00:00
lapchole_test_5027336,241,success,top/right,top/right,6.075178,5.319580,5.000000,29.000000,20,20,0.000000,28.000000,00:32:51,00:33:19,27.063168,,,2026-08-02T08:00:22.672271+00:00
heico_test_2099249,242,success,yes,yes,7.078085,5.666858,5.000000,299.000000,20,20,0.000000,298.000000,00:02:33,00:07:31,26.988026,,,2026-08-02T08:00:29.750552+00:00
lapchole_test_1299238,243,success,no,no,7.133240,5.653906,5.000000,119.000000,20,20,0.000000,118.000000,00:54:32,00:56:30,26.988026,,,2026-08-02T08:00:36.884010+00:00
lapchole_test_3053123,244,success,00:42:06,00:42:06,7.483308,6.101216,5.000000,119.000000,20,20,0.000000,118.000000,00:41:29,00:43:27,27.007604,,,2026-08-02T08:00:44.367550+00:00
heico_test_1990621,245,success,"00:31:13, 00:31:19, 00:31:25, 00:31:31, 00:31:37, 00:31:43, 00:3","00:31:13, 00:31:19, 00:31:25, 00:31:31, 00:31:37, 00:31:43, 00:3",10.323501,8.702525,5.000000,119.000000,20,20,0.000000,118.000000,00:30:17,00:32:15,27.010867,,,2026-08-02T08:00:54.691263+00:00
lapchole_test_3211566,246,success,00:09:12,00:09:12,6.512240,5.403021,5.000000,299.000000,20,20,0.000000,298.000000,00:07:22,00:12:20,27.023931,,,2026-08-02T08:01:01.203693+00:00
lapchole_test_5026357,247,success,Clip,Clip,2.641390,2.336781,5.000000,10.000000,10,10,0.000000,9.000000,00:13:27,00:13:36,19.908459,,,2026-08-02T08:01:03.845293+00:00
lapchole_test_3039177,248,success,bottom/right,bottom/right,6.482986,4.951360,5.000000,299.000000,20,20,0.000000,298.000000,00:41:51,00:46:49,27.050081,,,2026-08-02T08:01:10.328459+00:00
lapchole_test_5025816,249,success,white,white,2.560825,2.365738,5.000000,10.000000,10,10,0.000000,9.000000,00:37:13,00:37:22,19.896675,,,2026-08-02T08:01:12.889490+00:00
heico_test_2468028,250,success,no,no,6.955836,5.647875,5.000000,299.000000,20,20,0.000000,298.000000,01:58:17,02:03:15,26.981504,,,2026-08-02T08:01:19.845506+00:00
